{
    "RPT": {
        "ScanTime": "0.13 sec.",
        "ScanFile": "go_live_53654fbe2d9429233824_20201204024742_scan.json",
        "Warnings": 0,
        "Success": 6
    },
    "SRV": {
        "PHP": {
            "websrv": true,
            "openbase": true,
            "maxtime": true,
            "mysqli": true,
            "version": true,
            "ALL": "Good"
        },
        "WP": {
            "version": true,
            "core": true,
            "ismu": false,
            "ALL": "Good"
        }
    },
    "ARC": {
        "Size": "0B",
        "DirCount": "0",
        "FileCount": "0",
        "FullCount": "0",
        "WarnFileCount": 0,
        "WarnDirCount": 0,
        "UnreadableDirCount": 0,
        "UnreadableFileCount": 0,
        "FilterDirsAll": [
            "\/Users\/dominiccabitac\/Local Sites\/verify\/app\/public\/.opcache",
            "\/Users\/dominiccabitac\/Local Sites\/verify\/app\/public\/wp-content\/ai1wm-backups",
            "\/Users\/dominiccabitac\/Local Sites\/verify\/app\/public\/wp-content\/backups-dup-lite",
            "\/Users\/dominiccabitac\/Local Sites\/verify\/app\/public\/wp-content\/backups-dup-pro",
            "\/Users\/dominiccabitac\/Local Sites\/verify\/app\/public\/wp-content\/backupwordpress",
            "\/Users\/dominiccabitac\/Local Sites\/verify\/app\/public\/wp-content\/bps-backup",
            "\/Users\/dominiccabitac\/Local Sites\/verify\/app\/public\/wp-content\/cache",
            "\/Users\/dominiccabitac\/Local Sites\/verify\/app\/public\/wp-content\/content\/cache",
            "\/Users\/dominiccabitac\/Local Sites\/verify\/app\/public\/wp-content\/contents\/cache",
            "\/Users\/dominiccabitac\/Local Sites\/verify\/app\/public\/wp-content\/infinitewp\/backups",
            "\/Users\/dominiccabitac\/Local Sites\/verify\/app\/public\/wp-content\/managewp\/backups",
            "\/Users\/dominiccabitac\/Local Sites\/verify\/app\/public\/wp-content\/old-cache",
            "\/Users\/dominiccabitac\/Local Sites\/verify\/app\/public\/wp-content\/plugins\/all-in-one-wp-migration\/storage",
            "\/Users\/dominiccabitac\/Local Sites\/verify\/app\/public\/wp-content\/updraft",
            "\/Users\/dominiccabitac\/Local Sites\/verify\/app\/public\/wp-content\/uploads\/aiowps_backups",
            "\/Users\/dominiccabitac\/Local Sites\/verify\/app\/public\/wp-content\/uploads\/backupbuddy_backups",
            "\/Users\/dominiccabitac\/Local Sites\/verify\/app\/public\/wp-content\/uploads\/backupbuddy_temp",
            "\/Users\/dominiccabitac\/Local Sites\/verify\/app\/public\/wp-content\/uploads\/ithemes-security\/backups",
            "\/Users\/dominiccabitac\/Local Sites\/verify\/app\/public\/wp-content\/uploads\/mainwp\/backup",
            "\/Users\/dominiccabitac\/Local Sites\/verify\/app\/public\/wp-content\/uploads\/pb_backupbuddy",
            "\/Users\/dominiccabitac\/Local Sites\/verify\/app\/public\/wp-content\/uploads\/snapshots",
            "\/Users\/dominiccabitac\/Local Sites\/verify\/app\/public\/wp-content\/uploads\/sucuri",
            "\/Users\/dominiccabitac\/Local Sites\/verify\/app\/public\/wp-content\/uploads\/wp-clone",
            "\/Users\/dominiccabitac\/Local Sites\/verify\/app\/public\/wp-content\/uploads\/wp_all_backup",
            "\/Users\/dominiccabitac\/Local Sites\/verify\/app\/public\/wp-content\/uploads\/wpbackitup_backups",
            "\/Users\/dominiccabitac\/Local Sites\/verify\/app\/public\/wp-content\/wfcache",
            "\/Users\/dominiccabitac\/Local Sites\/verify\/app\/public\/wp-content\/wishlist-backup",
            "\/Users\/dominiccabitac\/Local Sites\/verify\/app\/public\/wp-snapshots"
        ],
        "FilterFilesAll": [
            "error_log",
            "error.log",
            "debug_log",
            "ws_ftp.log",
            "dbcache",
            "pgcache",
            "objectcache",
            ".DS_Store",
            "\/Users\/dominiccabitac\/Local Sites\/verify\/app\/public\/.htaccess",
            "\/Users\/dominiccabitac\/Local Sites\/verify\/app\/public\/web.config",
            "\/Users\/dominiccabitac\/Local Sites\/verify\/app\/public\/wp-config.php"
        ],
        "FilterExtsAll": [],
        "FilterInfo": {
            "Dirs": {
                "Warning": [],
                "Unreadable": [],
                "Core": [
                    "\/Users\/dominiccabitac\/Local Sites\/verify\/app\/public\/wp-snapshots",
                    "\/Users\/dominiccabitac\/Local Sites\/verify\/app\/public\/wp-content\/backups-dup-lite",
                    "\/Users\/dominiccabitac\/Local Sites\/verify\/app\/public\/.opcache",
                    "\/Users\/dominiccabitac\/Local Sites\/verify\/app\/public\/wp-content\/backups-dup-pro",
                    "\/Users\/dominiccabitac\/Local Sites\/verify\/app\/public\/wp-content\/ai1wm-backups",
                    "\/Users\/dominiccabitac\/Local Sites\/verify\/app\/public\/wp-content\/backupwordpress",
                    "\/Users\/dominiccabitac\/Local Sites\/verify\/app\/public\/wp-content\/content\/cache",
                    "\/Users\/dominiccabitac\/Local Sites\/verify\/app\/public\/wp-content\/contents\/cache",
                    "\/Users\/dominiccabitac\/Local Sites\/verify\/app\/public\/wp-content\/infinitewp\/backups",
                    "\/Users\/dominiccabitac\/Local Sites\/verify\/app\/public\/wp-content\/managewp\/backups",
                    "\/Users\/dominiccabitac\/Local Sites\/verify\/app\/public\/wp-content\/old-cache",
                    "\/Users\/dominiccabitac\/Local Sites\/verify\/app\/public\/wp-content\/plugins\/all-in-one-wp-migration\/storage",
                    "\/Users\/dominiccabitac\/Local Sites\/verify\/app\/public\/wp-content\/updraft",
                    "\/Users\/dominiccabitac\/Local Sites\/verify\/app\/public\/wp-content\/wishlist-backup",
                    "\/Users\/dominiccabitac\/Local Sites\/verify\/app\/public\/wp-content\/wfcache",
                    "\/Users\/dominiccabitac\/Local Sites\/verify\/app\/public\/wp-content\/bps-backup",
                    "\/Users\/dominiccabitac\/Local Sites\/verify\/app\/public\/wp-content\/cache",
                    "\/Users\/dominiccabitac\/Local Sites\/verify\/app\/public\/wp-content\/uploads\/aiowps_backups",
                    "\/Users\/dominiccabitac\/Local Sites\/verify\/app\/public\/wp-content\/uploads\/backupbuddy_temp",
                    "\/Users\/dominiccabitac\/Local Sites\/verify\/app\/public\/wp-content\/uploads\/backupbuddy_backups",
                    "\/Users\/dominiccabitac\/Local Sites\/verify\/app\/public\/wp-content\/uploads\/ithemes-security\/backups",
                    "\/Users\/dominiccabitac\/Local Sites\/verify\/app\/public\/wp-content\/uploads\/mainwp\/backup",
                    "\/Users\/dominiccabitac\/Local Sites\/verify\/app\/public\/wp-content\/uploads\/pb_backupbuddy",
                    "\/Users\/dominiccabitac\/Local Sites\/verify\/app\/public\/wp-content\/uploads\/snapshots",
                    "\/Users\/dominiccabitac\/Local Sites\/verify\/app\/public\/wp-content\/uploads\/sucuri",
                    "\/Users\/dominiccabitac\/Local Sites\/verify\/app\/public\/wp-content\/uploads\/wp-clone",
                    "\/Users\/dominiccabitac\/Local Sites\/verify\/app\/public\/wp-content\/uploads\/wp_all_backup",
                    "\/Users\/dominiccabitac\/Local Sites\/verify\/app\/public\/wp-content\/uploads\/wpbackitup_backups"
                ],
                "Global": [],
                "Instance": []
            },
            "Files": {
                "Size": [],
                "Warning": [],
                "Unreadable": [],
                "Core": [],
                "Global": [
                    "error_log",
                    "error.log",
                    "debug_log",
                    "ws_ftp.log",
                    "dbcache",
                    "pgcache",
                    "objectcache",
                    ".DS_Store"
                ],
                "Instance": []
            },
            "Exts": {
                "Core": [],
                "Global": [],
                "Instance": []
            },
            "UDirCount": 0,
            "UFileCount": 0,
            "UExtCount": 0,
            "TreeSize": [],
            "TreeWarning": []
        },
        "RecursiveLinks": [],
        "UnreadableItems": [],
        "Status": {
            "Size": "Good",
            "Names": "Good",
            "UnreadableItems": "Good",
            "MigratePackage": "Good",
            "CanbeMigratePackage": true,
            "showCreateProcStatus": "Good",
            "showCreateProc": true,
            "AddonSites": "Good"
        },
        "Dirs": [],
        "Files": []
    },
    "DB": {
        "Status": {
            "Success": true,
            "DB_Case": "Good",
            "DB_Rows": "Good",
            "DB_Size": "Good",
            "TBL_Case": "Good",
            "TBL_Rows": "Good",
            "TBL_Size": "Good"
        },
        "Size": "4.48MB",
        "Rows": "11,652",
        "TableCount": 19,
        "TableList": {
            "wp_commentmeta": {
                "Case": 0,
                "Rows": "0",
                "Size": "48KB",
                "USize": 49152
            },
            "wp_comments": {
                "Case": 0,
                "Rows": "0",
                "Size": "96KB",
                "USize": 98304
            },
            "wp_duplicator_packages": {
                "Case": 0,
                "Rows": "0",
                "Size": "32KB",
                "USize": 32768
            },
            "wp_links": {
                "Case": 0,
                "Rows": "0",
                "Size": "32KB",
                "USize": 32768
            },
            "wp_options": {
                "Case": 0,
                "Rows": "188",
                "Size": "160KB",
                "USize": 163840
            },
            "wp_postmeta": {
                "Case": 0,
                "Rows": "11,077",
                "Size": "3.31MB",
                "USize": 3473408
            },
            "wp_posts": {
                "Case": 0,
                "Rows": "208",
                "Size": "160KB",
                "USize": 163840
            },
            "wp_smush_dir_images": {
                "Case": 0,
                "Rows": "0",
                "Size": "48KB",
                "USize": 49152
            },
            "wp_term_relationships": {
                "Case": 0,
                "Rows": "6",
                "Size": "32KB",
                "USize": 32768
            },
            "wp_term_taxonomy": {
                "Case": 0,
                "Rows": "4",
                "Size": "48KB",
                "USize": 49152
            },
            "wp_termmeta": {
                "Case": 0,
                "Rows": "0",
                "Size": "48KB",
                "USize": 49152
            },
            "wp_terms": {
                "Case": 0,
                "Rows": "4",
                "Size": "48KB",
                "USize": 49152
            },
            "wp_usermeta": {
                "Case": 0,
                "Rows": "24",
                "Size": "48KB",
                "USize": 49152
            },
            "wp_users": {
                "Case": 0,
                "Rows": "0",
                "Size": "64KB",
                "USize": 65536
            },
            "wp_yoast_indexable": {
                "Case": 0,
                "Rows": "137",
                "Size": "144KB",
                "USize": 147456
            },
            "wp_yoast_indexable_hierarchy": {
                "Case": 0,
                "Rows": "0",
                "Size": "64KB",
                "USize": 65536
            },
            "wp_yoast_migrations": {
                "Case": 0,
                "Rows": "0",
                "Size": "32KB",
                "USize": 32768
            },
            "wp_yoast_primary_term": {
                "Case": 0,
                "Rows": "0",
                "Size": "48KB",
                "USize": 49152
            },
            "wp_yoast_seo_links": {
                "Case": 0,
                "Rows": "4",
                "Size": "48KB",
                "USize": 49152
            }
        },
        "RawSize": 4702208
    },
    "LL": {
        "TotalSize": "4.48MB",
        "Status": {
            "TotalSize": "Good"
        }
    }
}